<?xml version = "1.0" encoding = "utf-8"?>
<!DOCTYPE hibernate-mapping PUBLIC 
"-//Hibernate/Hibernate Mapping DTD//EN"
"http://www.hibernate.org/dtd/hibernate-mapping-3.0.dtd"> 

<hibernate-mapping>
   <class name = "com.jcg.spring.hibernate.pojo.Course" table = "courses">
      
      <meta attribute = "class-description">
         This class contains the course detail. 
      </meta>
     <id name = "id" type = "int" column = "id">
         <generator class="native"/>
      </id>
              
     
      <property name = "description" column = "description" type = "string"/>
      <property name = "code" column = "code" type = "string"/>
      <property name = "skill" column = "skill" type = "string"/>
      <property name = "date" column = "date" type = "string"/>
      <property name = "time" column = "time" type = "string"/>
      <property name = "added" column = "added" type = "string"/>
      <property name = "ref" column = "ref" type = "string"/>

   </class>
</hibernate-mapping>